feature_1,feature_2,feature_3,feature_4,feature_5,feature_6,feature_7,feature_8,feature_9,feature_10,feature_11,feature_12,feature_13,feature_14,feature_15,feature_16,action,reward
123.97752380371094,20738.392578125,20619.9921875,0.0,0.0,0.0,1717.41162109375,0.0,0.0,6197.16552734375,0.0,1986.155029296875,4192.31298828125,0.0,0.0,0.0,0.0,0.0
0.0,16292.90625,18947.212890625,0.0,0.0,0.0,1095.8778076171875,0.0,0.0,4678.81884765625,0.0,2474.306640625,2810.6328125,0.0,0.0,0.0,17.0,0.0
