feature_1,feature_2,feature_3,feature_4,feature_5,feature_6,feature_7,feature_8,feature_9,feature_10,feature_11,feature_12,feature_13,feature_14,feature_15,feature_16,action,reward
129.4324188232422,20723.890625,20563.078125,0.0,0.0,0.0,1729.0633544921875,0.0,0.0,6176.69873046875,0.0,1973.605712890625,4183.88818359375,0.0,0.0,0.0,0.0,0.0
0.0,16276.0693359375,18858.859375,0.0,0.0,0.0,1104.44775390625,0.0,0.0,4678.17138671875,0.0,2457.476806640625,2804.158203125,0.0,0.0,0.0,17.0,0.0
