feature_1,feature_2,feature_3,feature_4,feature_5,feature_6,feature_7,feature_8,feature_9,feature_10,feature_11,feature_12,feature_13,feature_14,feature_15,feature_16,action,reward
111.27059936523438,20840.5546875,20858.421875,0.0,0.0,0.0,1685.2611083984375,0.0,0.0,6264.4951171875,0.0,2022.42578125,4251.45361328125,0.0,0.0,0.0,0.0,0.0
0.0,16431.203125,19740.55859375,0.0,0.0,0.0,1009.40234375,0.0,0.0,4741.40087890625,0.0,2650.348876953125,2841.899658203125,0.0,0.0,0.0,17.0,0.0
