feature_1,feature_2,feature_3,feature_4,feature_5,feature_6,feature_7,feature_8,feature_9,feature_10,feature_11,feature_12,feature_13,feature_14,feature_15,feature_16,action,reward
118.38601684570312,20782.20703125,20714.294921875,0.0,0.0,0.0,1705.47314453125,0.0,0.0,6223.63916015625,0.0,1998.9427490234375,4218.232421875,0.0,0.0,0.0,0.0,0.0
0.0,16411.189453125,19572.9375,0.0,0.0,0.0,1036.0802001953125,0.0,0.0,4775.43310546875,0.0,2612.933349609375,2842.503173828125,0.0,0.0,0.0,17.0,0.0
