feature_1,feature_2,feature_3,feature_4,feature_5,feature_6,feature_7,feature_8,feature_9,feature_10,feature_11,feature_12,feature_13,feature_14,feature_15,feature_16,action,reward
102.07633972167969,20813.3046875,20898.375,0.0,0.0,0.0,1673.9500732421875,0.0,0.0,6288.22607421875,0.0,2042.787841796875,4255.8125,0.0,0.0,0.0,0.0,0.0
0.0,16419.7578125,19969.96484375,0.0,0.0,0.0,997.527099609375,0.0,0.0,4816.77734375,0.0,2707.70263671875,2844.70458984375,0.0,0.0,0.0,17.0,0.0
