feature_1,feature_2,feature_3,feature_4,feature_5,feature_6,feature_7,feature_8,feature_9,feature_10,feature_11,feature_12,feature_13,feature_14,feature_15,feature_16,action,reward
97.956298828125,20923.630859375,21136.38671875,0.0,0.0,0.0,1650.480712890625,0.0,0.0,6344.41064453125,0.0,2081.201171875,4310.1474609375,0.0,0.0,0.0,0.0,0.0
0.0,16586.35546875,20554.962890625,0.0,0.0,0.0,978.95556640625,0.0,0.0,4815.8310546875,0.0,2857.700927734375,2823.08447265625,0.0,0.0,0.0,17.0,0.0
