Model,Average Fidelity
Decision Tree,0.7320343644696963
Linear Regression,0.4985588664399193
Logistic Regression,0.8290607067407214
