Model,Average Fidelity
Decision Tree,0.7530519753235417
Linear Regression,0.5776441858257199
Logistic Regression,0.63118493338888
