Model,Average Fidelity
Decision Tree,0.58970758228309567
Linear Regression,0.50777919124612462
Logistic Regression,0.64114981773970975
