Model,Average Fidelity
Decision Tree,0.7282035971765042
Linear Regression,0.5327332667704531
Logistic Regression,0.8210706961142121
