Model,Average Fidelity
Decision Tree,0.7448659445028543
Linear Regression,0.48869380870620184
Logistic Regression,0.6919792486958695
