Model,Average Fidelity
Decision Tree,0.66662087498642854
Linear Regression,0.4753726584954586
Logistic Regression,0.64320735120873512
