Model,Average Fidelity
Decision Tree,0.72661233581150428
Linear Regression,0.49326846258739968
Logistic Regression,0.52084518280803966
