Model,Average Fidelity
Decision Tree,0.7126253992369146
Linear Regression,0.4695840265725063
Logistic Regression,0.741253933367147
