Model,Average Fidelity
Decision Tree,0.75157322694069783
Linear Regression,0.595801933663588416
Logistic Regression,0.67785733577916645
