cart_position,cart_velocity,pole_angle,pole_angular_velocity,Cluster_1,Cluster_2,Action_Label
-1.005018949508667,-2.4995155334472656,-0.6857982873916626,8.91247844696045,0,1,1
