cart_position,cart_velocity,pole_angle,pole_angular_velocity,Cluster_1,Cluster_2,Action_Label
-0.0729682520031929,-0.0520217344164848,-0.0047542741522192,0.175213947892189,0,1,1
