cart_position,cart_velocity,pole_angle,pole_angular_velocity,Cluster_1,Cluster_2,Action_Label
-1.3151805400848389,-2.8355116844177246,0.153620958328247,5.232390880584717,0,1,0
