cart_position,cart_velocity,pole_angle,pole_angular_velocity,Cluster_1,Cluster_2,Action_Label
0.924558162689209,0.1958577632904052,-0.00274119945243,-0.1485383659601211,0,1,0
