cart_position,cart_velocity,pole_angle,pole_angular_velocity,Cluster_1,Cluster_2,Action_Label
-8.233698844909668,1.3403441905975342,0.4767192006111145,-1.5436179637908936,0,1,0
