cart_position,cart_velocity,pole_angle,pole_angular_velocity,Cluster_1,Cluster_2,Action_Label
-0.925007700920105,-0.2174482196569442,0.021926449611783,-0.1362679898738861,0,1,0
